No.,Site
1,10daily.com.au
2,3m.com.au
3,4imprint.com
4,absoluteexhibits.com
5,actualno.com
6,advantageman.com
7,aerotek.com
8,agilent.com
9,agl.com.au
10,ahip.org
11,aia.com.hk
12,aia.com.my
13,aig.com
14,airtv.net
15,akiba-souken.com
16,alfa.com
17,allianzlife.com
18,allstate.ca
19,altaro.com
20,americanbar.org
21,americancentury.com
22,americanexpress.co.in
23,americanexpress.fr
24,americanmusical.com
25,angara.com
26,anixter.com
27,annabelle.ch
28,app.com
29,appier.net
30,assiniboine.mb.ca
31,astm.org
32,atomic.com
33,audi.com.au
34,audi.com.tr
35,audi.com.tw
36,audi.ru
37,autodesk.com.tr
38,avalara.com
39,aviationweek.com
40,avis.se
41,babycenter.ca
42,babycenter.com.au
43,bahamabreeze.com
44,banfield.com
45,bannerbank.com
46,bdo.com.au
47,bedbathandbeyond.ca
48,bellacor.com
49,bellator.com
50,bergfreunde.de
51,bestofvegas.com
52,bestrecipes.com.au
53,bitdefender.es
54,bitiba.es
55,blackstone.com
56,blair.com
57,bmc.com
58,boh.com
59,bonprix.cz
60,bonprix.pl
61,bonprix.ua
62,boscovs.com
63,bose.ca
64,bose.com.au
65,bose.hk
66,bose.tw
67,brandless.com
68,brentwoodhome.com
69,brighthealthplan.com
70,bruker.com
71,bswift.com
72,build.com
73,burlingtonfreepress.com
74,business-sweden.se
75,c2fo.com
76,cadence.com
77,calvinklein.ca
78,capella.edu
79,capitalfm.com
80,cbdbiocare.com
81,cesco.com
82,childrensplace.com
83,chip.eu
84,cigar.com
85,cisco-eagle.com
86,citimortgage.com
87,clarionledger.com
88,clickatell.com
89,clickavia.ru
90,clubmed.us
91,cnb.com
92,coastalfinancial.ca
93,coloradoan.com
94,competitivecyclist.com
95,computeruniverse.net
96,consul.io
97,crateandbarrel.ca
98,crowdtap.com
99,dailylook.com
100,danskebank.com
101,datawatchsystems.com
102,davey.com
103,delmarvanow.com
104,desmoinesregister.com
105,detelefoongids.nl
106,dia.com
107,digitalcamerareview.com
108,digitalcurrent.com
109,disneyrewards.com
110,doctipharma.fr
111,dominos.com.co
112,dominos.com.my
113,doubleclick.com.eg
114,dt.co.kr
115,dustin.dk
116,dustin.no
117,dustinhome.no
118,edweek.org
119,efirstbank.com
120,elal.co.il
121,ellentube.com
122,elsevier.de
123,embracepetinsurance.com
124,equifax.ca
125,escape.com.au
126,espn.cl
127,espn.com.gt
128,etihad.ae
129,etihadguest.com
130,eurogamer.es
131,evergage.com
132,expedia.ch
133,experiencescottsdale.com
134,falabella.cl
135,familyvacationcritic.com
136,fieldandstreamshop.com
137,final-score.com
138,findyourinfluence.com
139,fireflycu.org
140,firstaidbeauty.com
141,fishersci.com
142,flex.com
143,flexera.com
144,floridatoday.com
145,fluentco.com
146,flyfar.ca
147,fnac.ch
148,fnbo.com
149,fnbomaha.com
150,footaction.com
151,franklin.edu
152,gap.eu
153,grainger.com.mx
154,greenvilleonline.com
155,grundfos.com
156,hashicorp.com
157,hawkcentral.com
158,healthengine.com.au
159,healthypawspetinsurance.com
160,heart.co.uk
161,herbalife.com.tw
162,herbalife.ru
163,hilton.com.tr
164,home24.at
165,hornbach.nl
166,hsastore.com
167,hursey.com
168,iccu.com
169,idrivesafely.com
170,ielts.com.au
171,ihsmarkit.com
172,ijungo.com
173,intel.com.tr
174,intel.com.tw
175,intel.ru
176,intervalworld.com
177,interweave.com
178,intothegloss.com
179,irvinecompanyapartments.com
180,irvinecompanyoffice.com
181,itcosmetics.com
182,jccc.edu
183,kanetix.ca
184,kingswoodretirementliving.com
185,kitbag.com
186,kpn.com
187,kronos.com
188,lancashiretelegraph.co.uk
189,lansingstatejournal.com
190,laroche-posay.us
191,laura.ca
192,lds.org.hk
193,leadpages.co
194,liberty.edu
195,lifeway.com
196,lightspeed.com
197,liligo.com
198,logitravel.fr
199,lovemoney.com
200,lovesac.com
201,loveshaw.com
202,lpl.com
203,lululemon.com.au
204,macworld.es
205,makemytrip.ae
206,manheim.com
207,mansfieldnewsjournal.com
208,mapcarta.com
209,marriott.com.au
210,mastercard.ru
211,mediabistro.com
212,meriwest.com
213,microlise.com
214,milb.com
215,misterspex.co.uk
216,mitchell1.com
217,mizuno.tw
218,mode.com
219,modernize.com
220,moneta.cz
221,moodys.com
222,mortonarb.org
223,motorcyclenews.com
224,motortrend.ca
225,moveo.com
226,movies.com
227,mt.com
228,murata.com
229,myob.co.nz
230,nationwidechildrens.org
231,netec.com
232,netjets.com
233,neworleanscitybusiness.com
234,news-leader.com
235,newsandstar.co.uk
236,newscorpaustralia.com
237,newyorklife.com
238,nfpa.org
239,nintendo.co
240,nintendo.com.ar
241,nissan.ca
242,njoyn.com
243,northwesternmutual.com
244,notino.gr
245,notino.hr
246,nsbank.com
247,nvidia.ru
248,olagiatingunaika.gr
249,olkt.hu
250,olympicchannel.com
251,orlandofuntickets.com
252,oshkosh.com
253,paragonrouting.com
254,parkmycloud.com
255,paulfredrick.com
256,pearlevision.com
257,perriconemd.com
258,petfirst.com
259,petinsurance.com
260,pipesandcigars.com
261,pisos.com
262,pixmania.co.uk
263,plymouthrock.com
264,pnj.com
265,postnl.nl
266,premera.com
267,presidentscup.com
268,pureformulas.com
269,q8trade.com
270,r2cgroup.com
271,rakutensl.com
272,redcrossblood.org
273,rentacenter.com
274,restockit.com
275,riogrande.com
276,rockethomes.com
277,rockport.com
278,rosettastone.eu
279,ryanhomes.com
280,samovens.com
281,savethechildren.org
282,scalahosting.com
283,schlage.com
284,scotiabank.ca
285,searchengines.guru
286,seasons52.com
287,seatadvisor.com
288,setonhill.edu
289,sharkclean.com
290,shopjustice.com
291,sigsauer.com
292,silverdollarcity.com
293,skf.com
294,smartvault.com
295,smashbox.com
296,snb.com
297,snow.com
298,sonicwall.com
299,sonypictures.com
300,sourcetreeapp.com
301,southpointcasino.com
302,specialchem.com
303,sportsbusinessdaily.com
304,starmicronics.com
305,starwars.ru
306,statuspage.io
307,stubhub.com.mx
308,stubhub.com.tr
309,sunlife.com.ph
310,sunshinehealth.com
311,svsound.com
312,swinburne.edu.au
313,sydney.cn
314,synopsys.com
315,tabletpcreview.com
316,tactics.com
317,tallahassee.com
318,taxslayer.com
319,tchibo.dk
320,tchibo.pl
321,technologyadvice.com
322,technologyguide.com
323,teeoff.com
324,telemessage.com
325,tgw.com
326,thecompanystore.com
327,thehuddle.com
328,thenewsstar.com
329,thenorthwestern.com
330,thetimesherald.com
331,thisiscleveland.com
332,thisiswiltshire.co.uk
333,timesrecordnews.com
334,townsvillebulletin.com.au
335,travelmarketreport.com
336,trivago.com.co
337,trivago.com.mx
338,trivago.fr
339,trivago.ru
340,tryg.dk
341,tvland.com
342,uaeexchange.com
343,unison.com
344,upmc.com
345,uvidpustku.com
346,uwindsor.ca
347,valuecityfurniture.com
348,vero.com.au
349,viagraconnect.co.uk
350,viceroyhotelsandresorts.com
351,visitgreaterpalmsprings.com
352,visitparkcity.com
353,visitsaltlake.com
354,vodafone.hu
355,vodafone.net.tr
356,volkswagen.com.tw
357,volkswagen.gr
358,washingtoninstitute.org
359,waste360.com
360,westernunion.ru
361,whattopack.com
362,whimn.com.au
363,winecountrygiftbaskets.com
364,wittkieffer.com
365,wmg.com
366,wrs.com.sg
367,yorkshireeveningpost.co.uk
368,ziploc.com
369,zooplus.nl
370,zooplus.se
371,act-on.com
372,adventuresmithexplorations.com
373,advisorycloud.com
374,autodesk.in
375,aviakassa.com
376,bitpipe.com
377,chicagobusiness.com
378,ciena.com
379,cio.co.uk
380,connectwise.com
381,delicious.com.au
382,deliciousliving.com
383,dominos.com.jm
384,emids.com
385,expedia.com.ph
386,faucet.com
387,firestonecompleteautocare.com
388,flatironschool.com
389,fluor.com
390,forcepoint.com
391,gerberlife.com
392,gistia.com
393,greatfallstribune.com
394,healthcommunities.com
395,healthydirections.com
396,hellobonafide.com
397,herbalife.co.in
398,hiway.org
399,homedna.com
400,houzz.jp
401,imam-us.org
402,infopulse.com
403,islingtongazette.co.uk
404,jadelearning.com
405,jobsdb.co.th
406,kiran.com
407,labdepotinc.com
408,laredoute.co.uk
409,leadpages.co
410,learn.co
411,lenovo.ru
412,limango.de
413,localsearch24.co.uk
414,lydallpm.com
415,marriott.co.uk
416,marsh.com
417,maryswoods.org
418,mastercard.com.tw
419,mbna.co.uk
420,mshs.com
421,multivu.com
422,newgensoft.com
423,panasonic.co.uk
424,popsugar.com.au
425,radiox.co.uk
426,rozetka.ua
427,saglobal.com
428,samsung.co.uk
429,schwab.com.hk
430,simons.com
431,simplyhealth.co.uk
432,soscanhelp.com
433,sourceintelligence.com
434,southwalesargus.co.uk
435,srsmith.com
436,sugarcrm.com
437,swindonadvertiser.co.uk
438,syntax.com
439,techbook.de
440,textbooks.com
441,thespotlyte.com
442,thetowntalk.com
443,thomsonlinear.com
444,thurrockgazette.co.uk
445,usw.edu
446,virail.co.th
447,webex.co.in
448,wisfarmer.com
449,zalesoutlet.com
450,zerotothree.org
451,zone-turf.fr
452,01net.com
453,10play.com.au
454,1800contacts.com
455,20minutes.fr
456,24hourfitness.com
457,3m.com
458,3mcompany.jp
459,53.com
460,aa.com
461,aafp.org
462,aami.com.au
463,aarp.org
464,abbvie.com
465,abc.es
466,abt.com
467,accenture.com
468,aceable.com
469,acs.org
470,adbeat.com
471,adelaidenow.com.au
472,adobe.com
473,adp.ca
474,adp.com
475,adt.com
476,adultswim.com
477,advertisingboost.com
478,ae.com
479,aeroplan.com
480,aftonbladet.se
481,agentprovocateur.com
482,aginsurance.be
483,aia.co.th
484,airbank.cz
485,aircanada.ca
486,aircanada.com
487,aireuropa.com
488,airfarewatchdog.com
489,aldifotos.de
490,alditalk.de
491,allianz.de
492,allstate.com
493,ally.com
494,alphr.com
495,amazingfacts.org
496,amc.com
497,americafirst.com
498,americanexpress.co.jp
499,americanexpress.com
500,americansignaturefurniture.com
501,ameriprise.com
502,amfam.com
503,ancestry.ca
504,ancestry.co.uk
505,ancestry.com
506,ancestry.com.au
507,anntaylor.com
508,anz.co.nz
509,anz.com
510,anz.com.au
511,aon.com
512,appier.com
513,apple.com
514,apple.com.cn
515,apple.news
516,ara.cat
517,arcteryx.com
518,ard.de
519,ariba.com
520,arubanetworks.com
521,asb.co.nz
522,asos.com
523,asos.de
524,asos.fr
525,athenahealth.com
526,au.com
527,audi.ch
528,audi.cn
529,audi.co.kr
530,augsburger-allgemeine.de
531,auspost.com.au
532,autodesk.co.jp
533,autodesk.com
534,autodesk.ru
535,autoexpress.co.uk
536,autonews.com
537,autotrader.co.uk
538,autotrader.com
539,avaya.com
540,aveda.com
541,avis.co.uk
542,aviva.co.uk
543,babycenter.com
544,babycenter.in
545,babycentre.co.uk
546,backcountry.com
547,bahn.com
548,bahn.de
549,baitoru.com
550,bancsabadell.com
551,bankia.es
552,bankofscotland.co.uk
553,barclaycardus.com
554,bareminerals.com
555,bauhaus.info
556,baur.de
557,bbc.co.uk
558,bbt.com
559,bdc.ca
560,beachbody.com
561,beatsbydre.com
562,bedbathandbeyond.com
563,belk.com
564,bell.ca
565,bellemaison.jp
566,belong.com.au
567,bergfreunde.eu
568,berlin.de
569,berliner-kurier.de
570,berliner-zeitung.de
571,bestbuy.ca
572,bet.com
573,bettingexpert.com
574,bfmtv.com
575,bild.de
576,biletik.aero
577,biletyplus.ru
578,bitdefender.com
579,bitdefender.de
580,blackrock.com
581,blinds.com
582,blizzardgearstore.com
583,bluecrossma.com
584,bmo.com
585,bnymellon.com
586,boden.co.uk
587,boden.eu
588,bodenclothing.com.au
589,bodenusa.com
590,bol.com
591,bonappetit.com
592,bonprix.fr
593,bonprix.hu
594,bookingbuddy.com
595,bordeaux.aeroport.fr
596,bose.com
597,bose.ie
598,boston.com
599,boulanger.com
600,boulanger.fr
601,brandalley.fr
602,brands.com.tw
603,brightmls.com
604,brigitte.de
605,britishairways.com
606,brooksbrothers.com
607,bt.com
608,bupa.com.au
609,burtsbees.com
610,bushikaku.net
611,buybuybaby.com
612,bwin.be
613,bwin.fr
614,caixabank.cat
615,caixabank.es
616,caller.com
617,calmradio.com
618,canadapost.ca
619,capitalgroup.com
620,capitalone.com
621,caradisiac.com
622,carbuyer.co.uk
623,carfax.com
624,carhartt.com
625,carphonewarehouse.com
626,cars.com
627,carters.com
628,casino.org
629,cat.com
630,catherines.com
631,cbc.ca
632,cbn.com
633,cc.com
634,cdiscount.com
635,centurylink.com
636,cfainstitute.org
637,champssports.com
638,changiairport.com
639,channel4.com
640,cheaptickets.com
641,chemicloud.com
642,chicos.com
643,chiku-wa.jp
644,chip.de
645,christies.com
646,cibc.com
647,cigarsinternational.com
648,cincinnati.com
649,cio.com
650,ciokorea.com
651,citadium.com
652,citi.com
653,citizensbank.com
654,citycentredeira.com
655,classicfm.com
656,clearme.com
657,clipcanvas.com
658,cmt.com
659,cnn.com
660,coachmag.co.uk
661,collegeboard.com
662,collegeboard.org
663,columbia.com
664,columbiabank.com
665,comisarul.ro
666,commercialappeal.com
667,commondreams.org
668,compactappliance.com
669,computerweekly.com
670,computerworld.com
671,congress.gov
672,consorsbank.de
673,constantcontact.com
674,consulting.com
675,consumentenbond.nl
676,consumerreports.org
677,contentmarketinginstitute.com
678,converse.com
679,copart.ca
680,copart.com
681,cosmosdirekt.de
682,courier-journal.com
683,couriermail.com.au
684,courrierinternational.com
685,coveredca.com
686,cox.com
687,cox.net
688,crateandbarrel.com
689,creativelive.com
690,credit-suisse.com
691,criteo.com
692,crocs.com
693,crossref.org
694,crutchfield.com
695,cryptokitties.co
696,csmonitor.com
697,csoonline.com
698,css.ch
699,ctshirts.com
700,currys.co.uk
701,cvent.com
702,dailyecho.co.uk
703,dailymotion.com
704,dailytelegraph.com.au
705,danawa.com
706,darty.com
707,dcinside.com
708,debenhams.com
709,debenhams.ie
710,deepcrawl.com
711,deere.com
712,deere.de
713,dell.com
714,deloitte.com
715,delta.com
716,democratandchronicle.com
717,denofgeek.com
718,destinia.com
719,detroitnews.com
720,deutschlandcard.de
721,devialet.com
722,dfs.co.uk
723,dhc.co.jp
724,dhl.de
725,diariosur.es
726,diariovasco.com
727,dicksmith.co.nz
728,dicksmith.com.au
729,dickssportinggoods.com
730,digi.com
731,digitalartsonline.co.uk
732,discover.com
733,discovery.com
734,disney.co.jp
735,disney.ru
736,disneylandparis.com
737,disneynow.com
738,diynetwork.com
739,dm.de
740,dmm.co.jp
741,dmm.com
742,dn.no
743,dnb.com
744,dominos.ng
745,domo.com
746,doubleclick.com
747,douglas.de
748,douglas.it
749,douglas.nl
750,dressbarn.com
751,driversed.com
752,duluthtrading.com
753,dupontregistry.com
754,dustinhome.dk
755,dustinhome.se
756,dxc.technology
757,e-goi.com
758,e-recht24.de
759,eastbay.com
760,easyviajar.com
761,easyvoyage.co.uk
762,easyvoyage.de
763,echo-news.co.uk
764,eddiebauer.ca
765,eddiebauer.com
766,ehealthinsurance.com
767,eiga.com
768,elal.com
769,elcomercio.es
770,elcorreo.com
771,eldiariomontanes.es
772,element14.com
773,elnortedecastilla.es
774,elsevier.com
775,elsevier.es
776,eltern.de
777,emarketer.com
778,emedicinehealth.com
779,emp.de
780,ems.com
781,encar.com
782,energyaustralia.com.au
783,engelhorn.de
784,eniro.se
785,enterprise.com
786,enterprise.es
787,eonline.com
788,eortologio.net
789,epicurious.com
790,epodravina.hr
791,eprice.it
792,equifax.com
793,equinox.com
794,espn.co.uk
795,espn.com
796,espn.com.ar
797,espn.com.au
798,espn.com.br
799,espn.com.co
800,espn.com.mx
801,espn.com.sg
802,espn.com.ve
803,esprit.fi
804,esri.com
805,essen-und-trinken.de
806,etihad.com
807,eurobet.it
808,eurogamer.net
809,eurogamer.pl
810,everlywell.com
811,evite.com
812,evobanco.com
813,exchangeandmart.co.uk
814,expedia.ca
815,expedia.co.in
816,expedia.co.jp
817,expedia.co.th
818,expedia.co.uk
819,expedia.com
820,expedia.com.au
821,expedia.com.br
822,expedia.com.hk
823,expedia.com.my
824,expedia.com.sg
825,expedia.com.tw
826,expedia.de
827,expedia.it
828,expedia.mx
829,experian.com
830,expertreviews.co.uk
831,express.com
832,express.de
833,f-secure.com
834,fairmont.com
835,falabella.com
836,falabella.com.ar
837,falabella.com.co
838,falabella.com.pe
839,fandango.com
840,fatface.com
841,fdj.fr
842,fedex.com
843,felissimo.co.jp
844,ferrari.com
845,fidelity.com
846,fidor.de
847,fifa.com
848,fingerhut.com
849,finn.no
850,firmenwissen.de
851,firstbankcard.com
852,flaconi.de
853,flatex.de
854,flighthub.com
855,flixbus.co.uk
856,flixbus.com
857,flixbus.de
858,flixbus.fr
859,flixbus.nl
860,flixbus.pl
861,flixbus.pt
862,fly4free.com
863,fly4free.pl
864,fnac.com
865,fnac.es
866,fnac.pt
867,food.com
868,foodnetwork.com
869,footlocker.ca
870,footlocker.com
871,ford.ca
872,ford.com
873,ford.mx
874,fortinet.com
875,fortuneo.fr
876,fox.com
877,foxbusiness.com
878,foxnews.com
879,foxsports.com.au
880,fpl.com
881,frankfurt-airport.com
882,fraserburghherald.co.uk
883,freedommobile.ca
884,freep.com
885,freshly.com
886,fressnapf.de
887,fritz-berger.at
888,frontgate.com
889,frontier.com
890,frontpages.gr
891,fsastore.com
892,ftd.com
893,gamesradar.com
894,gap.co.uk
895,gapfactory.com
896,garanti.com.tr
897,gartner.com
898,gatesnotes.com
899,geico.com
900,gentside.com
901,geo.de
902,gettington.com
903,gifts.com
904,globalsign.com
905,globalwebindex.com
906,globalwidemedia.com
907,glossier.com
908,gmfinancial.com
909,go.com
910,goarmy.com
911,goertz.de
912,golfdigest.com
913,golfgalaxy.com
914,golfweek.com
915,grainger.com
916,granadablogs.com
917,greenbot.com
918,greendot.com
919,gsa.gov
920,guampdn.com
921,guess.ca
922,guess.eu
923,guessfactory.com
924,gulesider.no
925,ha.com
926,haband.com
927,hagerty.com
928,halifax-online.co.uk
929,halifax.co.uk
930,hallmark.com
931,hallmarkecards.com
932,handyvertrag.de
933,hani.co.kr
934,hannaandersson.com
935,harborfreight.com
936,hardrockhotels.com
937,harlequin.com
938,harley-davidson.com
939,harrods.com
940,hayneedle.com
941,hbo.com
942,hbr.org
943,healthcentral.com
944,healthgrades.com
945,healthpartners.com
946,heise.de
947,heraldsun.com.au
948,herbalife.pt
949,hgtv.com
950,highlow.com
951,hitachi-solutions.co.jp
952,hl.co.uk
953,hofmann.es
954,home.kpmg
955,home.saxo
956,home24.de
957,homeadvisor.com
958,homedepot.com
959,homegate.ch
960,homes.com
961,honda.com
962,hoopshype.com
963,hoovers.com
964,hornbach.ro
965,hostelbookers.com
966,hostelworld.com
967,hostgator.cl
968,hostgator.co
969,hostgator.com
970,hostgator.com.br
971,hostgator.mx
972,hotels.cn
973,hotels.com
974,hotelsone.com
975,hottopic.com
976,hotwire.com
977,hoy.es
978,hpe.com
979,hrblock.com
980,hrs.com
981,hrs.de
982,huntington.com
983,hyatt.co.jp
984,i-law.com
985,icotto.jp
986,ideal.es
987,idg.com.au
988,idg.pl
989,idou.me
990,ig.com
991,iheart.com
992,ihg.com
993,illumina.com
994,imbc.com
995,imf.org
996,inbank.it
997,independent.co.uk
998,indigo.ca
999,indochino.com
1000,indystar.com
1001,inews.co.uk
1002,infobip.com
1003,infoworld.com
1004,ing.be
1005,insead.edu
1006,inspirock.com
1007,intel.cn
1008,intel.com
1009,intel.com.br
1010,intel.de
1011,intel.it
1012,intel.la
1013,intelius.com
1014,interbank.pe
1015,intuit.ca
1016,intuit.com
1017,investors.com
1018,ionos.ca
1019,ionos.co.uk
1020,ionos.com
1021,ionos.de
1022,ionos.es
1023,ionos.fr
1024,ionos.mx
1025,irobot.com
1026,itpro.co.uk
1027,itworld.co.kr
1028,itworld.com
1029,iwakifc.com
1030,jarviscole.com
1031,javaworld.com
1032,jetblue.com
1033,jetsetter.com
1034,jimdo.com
1035,jobstreet.co.id
1036,jobstreet.com
1037,jobstreet.com.my
1038,jobstreet.com.ph
1039,jobstreet.com.sg
1040,johnlewis.com
1041,jsonline.com
1042,jtv.com
1043,justfly.com
1044,kaercher.com
1045,kaiserpermanente.org
1046,kakakumag.com
1047,kanebo-cosmetics.jp
1048,kao.com
1049,kawai-juku.ac.jp
1050,kayosports.com.au
1051,kbb.com
1052,kbc.be
1053,kennametal.com
1054,keysight.com
1055,kidspot.com.au
1056,kinarino.jp
1057,kirklands.com
1058,kmart.com
1059,knoxnews.com
1060,kogan.com
1061,kohler.com
1062,kohler.jp
1063,kohls.com
1064,konecranes.com
1065,koodomobile.com
1066,krak.dk
1067,krankenkassenzentrale.de
1068,kredito24.es
1069,kroger.com
1070,ksta.de
1071,labaie.com
1072,lacentrale.fr
1073,lafuma.com
1074,lakeside.com
1075,landisgyr.com
1076,landsend.co.jp
1077,landsend.co.uk
1078,landsend.com
1079,lanebryant.com
1080,laptopmag.com
1081,laredoute.fr
1082,laredoute.pt
1083,laredoute.ru
1084,lasprovincias.es
1085,lastcall.com
1086,latitudefinancial.com.au
1087,laverdad.es
1088,lavozdigital.es
1089,law.com
1090,lds.org
1091,leagueapps.com
1092,lego.com
1093,lemonde.fr
1094,lenovo.com
1095,lexpress.fr
1096,lexus.com
1097,lg.com
1098,liberation.fr
1099,libertymutual.com
1100,lifetime.life
1101,limango.pl
1102,lloydsbank.co.uk
1103,lloydsbank.com
1104,loc.gov
1105,loft.com
1106,logitravel.com
1107,logitravel.com.mx
1108,lohud.com
1109,lordandtaylor.com
1110,lowes.ca
1111,lowes.com
1112,luckyvitamin.com
1113,lululemon.com
1114,lww.com
1115,macworld.co.uk
1116,macworld.com
1117,madeleine.de
1118,maeva.com
1119,magicseaweed.com
1120,makemytrip.com
1121,malaysiaairlines.com
1122,manager-magazin.de
1123,marcus.com
1124,marfeel.com
1125,markandgraham.com
1126,marksandspencer.com
1127,marriott.co.jp
1128,marriott.com
1129,marriott.com.cn
1130,marvel.com
1131,marvelhq.com
1132,marykay.de
1133,masmovil.es
1134,mastercard.com
1135,mastercard.com.au
1136,matchesfashion.com
1137,mathworks.cn
1138,mathworks.com
1139,maurices.com
1140,maximintegrated.com
1141,mazda.ro
1142,mazdausa.com
1143,mcafee.com
1144,mcdonalds.com
1145,mdanderson.org
1146,mdedge.com
1147,med1.de
1148,medhelp.org
1149,mediatoday.co.kr
1150,meilleurtaux.com
1151,memberdeals.com
1152,metabomb.net
1153,metro.co.uk
1154,mgmresorts.com
1155,michaelkors.ca
1156,michaelkors.com
1157,michaelkors.global
1158,minted.com
1159,missguided.eu
1160,mistergooddeal.com
1161,mizuno.co.kr
1162,mlb.com
1163,mlp.de
1164,modcloth.com
1165,moebelix.at
1166,moemax.de
1167,mopo.de
1168,mora-qualitas.com
1169,morganstanley.com
1170,motortrend.com
1171,motosport.com
1172,mouse-jp.co.jp
1173,mris.com
1174,mrporter.com
1175,mtv.com
1176,mujerhoy.com
1177,muji.com
1178,muji.net
1179,mundonick.com.br
1180,murdoch.edu.au
1181,myhermes.de
1182,myob.com
1183,mytoys.de
1184,mz-web.de
1185,nab.com.au
1186,nadex.com
1187,nascar.com
1188,nationwide.co.uk
1189,nativo.com
1190,natwest.com
1191,navyfederal.org
1192,nba.com
1193,ncaa.com
1194,neimanmarcus.com
1195,neowin.net
1196,net-a-porter.com
1197,netapp.com
1198,netdoktor.de
1199,netmoms.de
1200,networkworld.com
1201,newark.com
1202,newbalance.com
1203,newegg.ca
1204,newegg.com
1205,neweggbusiness.com
1206,news-press.com
1207,news.com.au
1208,newyorker.com
1209,nfl.com
1210,ni.com
1211,nike.com
1212,nikkei.com
1213,nikkeibp.co.jp
1214,nine.com.au
1215,nintendo.com
1216,nintendolife.com
1217,nomadlist.com
1218,nordea.com
1219,nordea.dk
1220,nordea.fi
1221,nordea.no
1222,nordea.se
1223,northjersey.com
1224,norton.com
1225,notebookreview.com
1226,notebooksbilliger.de
1227,notino.cz
1228,notino.hu
1229,notino.pl
1230,notino.ro
1231,notino.sk
1232,nouvelobs.com
1233,nowtv.com
1234,nuro.jp
1235,nvidia.cn
1236,nvidia.co.kr
1237,nvidia.co.uk
1238,nvidia.com
1239,nvidia.com.br
1240,nvidia.de
1241,nyandcompany.com
1242,nyulangone.org
1243,o2.cz
1244,o2.sk
1245,o2tv.cz
1246,obi.at
1247,obi.cz
1248,ohmymag.co.uk
1249,olivegarden.com
1250,olympic.org
1251,onlinetours.ru
1252,onvista.de
1253,optimum.net
1254,oracle.com
1255,originenergy.com.au
1256,orvis.com
1257,otto.de
1258,overstock.ca
1259,overstock.com
1260,oxfam.org.uk
1261,oyster.com
1262,pacsun.com
1263,paddypower.com
1264,panasonic.biz
1265,panasonic.com.tw
1266,pandora.net
1267,paramountnetwork.com
1268,parcelforce.com
1269,partycity.com
1270,payback.de
1271,payback.pl
1272,pbteen.com
1273,pcgamer.com
1274,pcworld.com
1275,pcworld.es
1276,pcworld.pl
1277,pelican.com
1278,pelikan.sk
1279,penny-reisen.de
1280,pennymacusa.com
1281,pepboys.com
1282,pepephone.com
1283,personalcreations.com
1284,petco.com
1285,pgatour.com
1286,phoenix.edu
1287,pitchfork.com
1288,plala.or.jp
1289,playstation.com
1290,plumbenefits.com
1291,pmi.org
1292,pnc.com
1293,pobeda.aero
1294,politico.com
1295,politico.eu
1296,popbuzz.com
1297,popsugar.co.uk
1298,popsugar.com
1299,popularwoodworking.com
1300,post.ch
1301,postoffice.co.uk
1302,potterybarn.com
1303,potterybarnkids.com
1304,powerobjects.com
1305,premierinn.com
1306,premiumsim.de
1307,priceprice.com
1308,princess.com
1309,proflowers.com
1310,programmatileorasis.gr
1311,programme-television.org
1312,providence.org
1313,proximus.be
1314,psecu.com
1315,psicoactiva.com
1316,puma.com
1317,purevpn.com
1318,pushsquare.com
1319,qantas.com
1320,qantas.com.au
1321,qatarairways.com
1322,questdiagnostics.com
1323,quickenloans.com
1324,quill.com
1325,qvc.jp
1326,racv.com.au
1327,radio-canada.ca
1328,raffles.com
1329,ray-ban.com
1330,rbs.co.uk
1331,realcommercial.com.au
1332,realestate.com.au
1333,reallygoodstuff.com
1334,red-by-sfr.fr
1335,redcross.org
1336,redding.com
1337,redtri.com
1338,regions.com
1339,register.com
1340,rei.com
1341,remit2india.com
1342,remoteok.io
1343,renesas.com
1344,reservations.com
1345,rewe.de
1346,rgj.com
1347,ricardo.ch
1348,ricardocuisine.com
1349,ringcentral.ca
1350,ringcentral.com
1351,rocketaccount.com
1352,rocketmortgage.com
1353,rockpapershotgun.com
1354,rolex.com
1355,rollingstone.de
1356,roomandboard.com
1357,rotogrinders.com
1358,royalcaribbean.com
1359,royalmail.com
1360,rozetka.com.ua
1361,rtl.nl
1362,rueducommerce.fr
1363,rundschau-online.de
1364,ryanair.com
1365,sage.co.uk
1366,sage.com
1367,salesforce.com
1368,salomon.com
1369,samsclub.com
1370,samsung.biz
1371,samsung.cn
1372,samsung.com
1373,samsung.de
1374,sandspiel.club
1375,santander.co.uk
1376,santanderbank.com
1377,sap.com
1378,sazka.cz
1379,sbicard.com
1380,sc.com
1381,sce.com
1382,schlafwelt.de
1383,schoener-wohnen.de
1384,schwab.com
1385,sciencemag.org
1386,scoresandodds.com
1387,scotiabank.cl
1388,scotiabank.com
1389,scotsman.com
1390,scriptel.com
1391,sears.com
1392,seek.co.nz
1393,self.com
1394,servicenow.com
1395,sfr.fr
1396,shangri-la.com
1397,sharecare.com
1398,shinseibank.com
1399,shiseido.com
1400,sho.com
1401,shopmyexchange.com
1402,shutterfly.com
1403,simplehuman.com
1404,siriusxm.com
1405,skipton.co.uk
1406,skiset.com
1407,sky.at
1408,sky.de
1409,sky.es
1410,sky.it
1411,smartbrief.com
1412,smbcnikko.co.jp
1413,smoothradio.com
1414,snagajob.com
1415,snapfish.com
1416,sny.tv
1417,so-net.ne.jp
1418,socialflow.com
1419,solarwinds.cloud
1420,solarwinds.com
1421,soma.com
1422,sonos.com
1423,sony.jp
1424,sonypictures.jp
1425,southpark.de
1426,southparkstudios.nu
1427,southwest.com
1428,space.com
1429,sparda.de
1430,spark.co.nz
1431,sparkasse.at
1432,speedmeter.de
1433,spiegel.de
1434,spod.com
1435,sportscheck.com
1436,sportsseoul.com
1437,srpnet.com
1438,standard.co.uk
1439,stanfordhealthcare.org
1440,staples.com
1441,starhub.com
1442,startribune.com
1443,statefarm.com
1444,statnews.com
1445,steelseries.com
1446,steepandcheap.com
1447,stern.de
1448,stjude.org
1449,stoloto.ru
1450,structube.com
1451,stubhub.ca
1452,stubhub.com
1453,stuff.co.nz
1454,stylebook.de
1455,sueddeutsche.de
1456,suncorp.com.au
1457,sunglasshut.com
1458,sunlife.ca
1459,sunlife.com
1460,suntrust.com
1461,supermetrics.com
1462,suunto.com
1463,svd.se
1464,swap.com
1465,swisscom.ch
1466,swisscom.com
1467,swissotel.com
1468,symantec.com
1469,t-mobile.com
1470,t-mobile.cz
1471,t-mobile.net
1472,tab.com.au
1473,tafensw.edu.au
1474,talbots.com
1475,tallink.com
1476,tasclap.jp
1477,taste.com.au
1478,tataaig.com
1479,tatacard.com
1480,tatcha.com
1481,taxact.com
1482,tchibo.com.tr
1483,tchibo.cz
1484,tchibo.de
1485,tcm.com
1486,tdameritrade.com
1487,teambeachbody.com
1488,techadvisor.co.uk
1489,techadvisor.fr
1490,techhive.com
1491,techradar.com
1492,techtarget.com
1493,techworld.com
1494,tedbaker.com
1495,teksystems.com
1496,telegraph.co.uk
1497,telekom.de
1498,telstra.com
1499,telstra.com.au
1500,telus.com
1501,telus.net
1502,tennessean.com
1503,terraform.io
1504,tesco.com
1505,test.de
1506,teufel.de
1507,theargus.co.uk
1508,theathletesfoot.com.au
1509,theaustralian.com.au
1510,thebay.com
1511,thelott.com
1512,thepointsguy.com
1513,thermofisher.com
1514,thestar.com
1515,thetrainline.com
1516,theweek.co.uk
1517,three.co.uk
1518,tiaa.org
1519,ticketsatwork.com
1520,tiffany.ca
1521,tiffany.co.uk
1522,tiffany.com
1523,tiffany.it
1524,tim.it
1525,timeout.com
1526,timeout.es
1527,timeout.fr
1528,timeout.jp
1529,tipp24.com
1530,tmz.com
1531,to10.gr
1532,tommybahama.com
1533,tomsguide.com
1534,tomshardware.co.uk
1535,tomshardware.com
1536,toofab.com
1537,tororadar.com.br
1538,tou.tv
1539,toyota.com
1540,traegergrills.com
1541,travelata.ru
1542,travelbook.de
1543,tribuna.com
1544,triodos.de
1545,triphobo.com
1546,triplelift.com
1547,trivago.co.uk
1548,trivago.com
1549,trivago.com.au
1550,trivago.com.br
1551,trivago.com.tr
1552,trivago.de
1553,trivago.in
1554,troweprice.com
1555,tru.ca
1556,trulia.com
1557,tsite.jp
1558,tudorwatch.com
1559,tutti.ch
1560,tv2.dk
1561,tvspielfilm.de
1562,tvtoday.de
1563,ubs.com
1564,uhc.com
1565,ulsterbank.co.uk
1566,underarmour.co.uk
1567,underarmour.fr
1568,union-investment.de
1569,unisender.com
1570,unity.com
1571,ups.com
1572,urbia.de
1573,usbank.com
1574,usgamer.net
1575,vagrantup.com
1576,vancity.com
1577,vanityfair.com
1578,vegasinsider.com
1579,vente-unique.com
1580,verabradley.com
1581,verif.com
1582,verizon.com
1583,verizon.net
1584,verizonwireless.com
1585,vermontcountrystore.com
1586,vg247.com
1587,vh1.com
1588,vice.com
1589,victoriassecret.com
1590,vikingrivercruises.com
1591,virail.fr
1592,virginatlantic.com
1593,virginmobile.ca
1594,virginmoney.com.au
1595,visible.com
1596,vitacost.com
1597,vivaaerobus.com
1598,vizio.com
1599,vmware.com
1600,vodacom.co.za
1601,vodacom.mobi
1602,vodafone.co.uk
1603,vodafone.com.au
1604,vodafone.com.qa
1605,vodafone.com.tr
1606,vodafone.cz
1607,vodafone.de
1608,vodafone.es
1609,vodafone.in
1610,vodafone.it
1611,vodafone.pt
1612,vodafone.qa
1613,vodafone.ro
1614,voith.com
1615,volaris.com
1616,volkswagen.be
1617,volkswagen.co.in
1618,volkswagen.co.jp
1619,volkswagen.com
1620,volkswagen.fr
1621,volkswagen.ru
1622,vonage.com
1623,vueling.com
1624,vw.com
1625,wacoal.jp
1626,walgreens.com
1627,walmart.ca
1628,walmart.com
1629,wanderu.com
1630,warnerbros.fr
1631,washingtonpost.com
1632,waters.com
1633,weather.com
1634,webcg.net
1635,webex.com
1636,webmd.com
1637,webstarts.com
1638,webwereld.nl
1639,wegmans.com
1640,wegow.com
1641,weihnachteninberlin.de
1642,welt.de
1643,westelm.com
1644,westernunion.com
1645,westjet.com
1646,westpac.com.au
1647,wgu.edu
1648,whitehouseblackmarket.com
1649,williamhill.com
1650,wimbledon.com
1651,wimbledon.org
1652,winsfordguardian.co.uk
1653,winsim.de
1654,wired.com
1655,workday.com
1656,workingadvantage.com
1657,worldmarket.com
1658,worldwildlife.org
1659,wowcher.co.uk
1660,writersdigest.com
1661,wunderground.com
1662,wyndhamhotels.com
1663,xerox.com
1664,xing.com
1665,yell.com
1666,yellowpages.com
1667,yoigo.com
1668,yomonda.de
1669,zalando-lounge.de
1670,zalando-lounge.nl
1671,zalando-prive.it
1672,zebra.com
1673,zeit.de
1674,zendalibros.com
1675,zkb.ch
1676,zooplus.de
1677,zooroyal.de
1678,3m.com.hk
1679,3m.com.tw
1680,3mindia.co.in
1681,aainsurance.co.nz
1682,abercrombie.sg
1683,adobe.io
1684,aetrex.com
1685,alibabuy.com
1686,allegisgroup.com
1687,amzetta.com
1688,audi.gr
1689,aujourdhui.com
1690,avomeen.com
1691,bobcat.com
1692,bonlook.com
1693,bose.ae
1694,bose.cn
1695,bostonpizza.com
1696,boxingnewsonline.net
1697,brighthand.com
1698,cardschat.com
1699,caribbeanjobs.com
1700,clearcode.cc
1701,comtechfirecu.com
1702,cooktime.gr
1703,csa.cz
1704,deloitte.ca
1705,destinia.ir
1706,enhancedvision.com
1707,espn.com.do
1708,espn.com.pe
1709,expedia.co.id
1710,expedia.fr
1711,flixbus.ru
1712,gamerall.com
1713,gq.com.au
1714,heraldscotland.com
1715,herbalife.com.ph
1716,hilton.com.cn
1717,htv.com
1718,intel.ca
1719,joefresh.com
1720,joules.com
1721,lakeshorelearning.com
1722,leadpages.co
1723,longhornsteakhouse.com
1724,maccosmetics.com
1725,macegroup.com
1726,marykay.kz
1727,medtronic.com
1728,mint.ca
1729,mitsubishicars.com
1730,modernhealthcare.com
1731,moving.com
1732,nature.org
1733,negishim.org
1734,newbalance.ca
1735,nissan-global.com
1736,notino.ua
1737,nvidia.in
1738,onhealth.com
1739,packersnews.com
1740,panpacific.com
1741,paramountnetwork.es
1742,penfinancial.com
1743,purinamills.com
1744,quebec-cite.com
1745,rcinet.ca
1746,rogersmedia.com
1747,simpleviewinc.com
1748,skiphop.com
1749,tallink.ee
1750,terdav.com
1751,tetrapak.com
1752,theresident.co.uk
1753,timeout.com.hk
1754,translations.com
1755,trivago.ca
1756,tryg.com
1757,visable.com
1758,visitcalgary.com
1759,visitsingapore.com
1760,volkswagen.com.au
1761,wscu.com
1762,yealink.com